Title,Name,Surname,Initials,email address,Name on Publications ,Organisation,Address,Number of affiliations,Affiliation code,Affiliation address,Affiliation code2,Affiliation address3,ORCID ,Role,Notes,Status
Dr.,Wenlong,Zhang,W.,wenlong.zhang@tecnico.ulisboa.pt,W.Zhang,ECUT,"East China University of Technology: Nanchang, Jiangxi Province, CN",0,,,,,,,,
Mr,DQ,Zwang,DQ,zwangdq@connect.ust.hk ,DQ.ZWANG,UST,UST,0,,,,,,,,
Prof.,Susan,Smith,S,susan.smith@stfc.ac.uk ,S.Smith,DL,Cheshire,0,,,,,,,,
Mx,Vania,Lay,V.,vania.lay19@imperial.ac.uk,V.Lay,Imperial,London,0,,,,,,,,
Mx,Anthea,Macintosh-Laroque,A.,anthea.macintosh-larocque18@imperial.ac.uk,A.Macintosh-Laroque,Imperial,London,0,,,,,,,,
Dr.,Alex,Hoqward,A.,ahoward@mail.cern.ch,A.Howard,Imperial,London,0,,,,,,,,
Dr.,Tim,Fulcher,T.,timjfulcher@yahoo.com ,T.Fulcher,Imperial,London,0,,,,,,,,
Dr.,Galen,Aymar,G.,galen.aymar@gmail.com,G.Aymar,ISIS,RAL,0,,,,,,,,